{"pitch": [-2.917079304729945, 11.39125453698576, 207.6309860026599, 46.77559025099002], "energy": [-1.431044578552246, 8.184337615966797, 37.326216790537735, 26.044180782835845]}