{"pitch": [-2.434743881225586, 2.458850145339966, 31.700395249059458, 0.1495416703583457], "energy": [-1.865599274635315, 11.19487476348877, 79.21775626463851, 42.46236406809014]}