{"pitch": [-0.6359621482013268, 5.857840845172618, 91.36686770989071, 143.6671474368419], "energy": [-1.859603762626648, 11.49795913696289, 77.20693360100279, 41.51794659737038]}