{"pitch": [-0.6927628007900334, 4.698028370641628, 118.51623159910717, 172.95919467562396], "energy": [-0.9560049176216125, 9.189362525939941, 46.07713382042923, 49.23324307349055]}