{"pitch": [-1.2914415321789698, 4.287936107661474, 215.84680705107237, 167.85861508011615], "energy": [-1.0073262453079224, 7.6060051918029785, 48.086639246120264, 48.716793180083215]}