{"pitch": [-1.303464526766719, 3.936984561090104, 224.15955424929814, 172.9647118977261], "energy": [-0.9900896549224854, 7.058696269989014, 46.491996252367244, 47.974651646952275]}