{"pitch": [-0.9327799974327713, 4.287936107661476, 215.8468070510727, 167.85861508011595], "energy": [-0.9870649576187134, 7.6060051918029785, 48.086639246120285, 48.716793180083336]}